1000000001;Andi Wijaya;20/01/1988;Jl. Cendrawasih No. 8;Bandung
1000000002;Desi Saputri;15/05/1992;Jl. Kenanga No. 32;Medan
1000000003;Budi Santoso;10/11/1984;Jl. Melati No. 17;Surabaya
1000000004;Fitri Happy;25/07/1990;Jl. Bunga No. 5;Yogyakarta
1000000005;Anton Prabowo;14/02/1986;Jl. Anggrek No. 19;Jakarta
1000000006;Rina Mariany;11/08/1989;Jl. Pahlawan No. 7;Semarang
1000000007;Hendra Saputra;01/12/1991;Jl. Mawar No. 3;Palembang
1000000008;Lina Sari;30/03/1985;Jl. Kamboja No. 6;Batam
1000000009;Reza Fadli;22/06/1987;Jl. Taman No. 12;Solo
1000000010;Ayu Cahyani;05/04/1993;Jl. Melati No. 9;Surakarta
1000000011;Steven Wijaya;13/09/1982;Jl. Lili No. 20;Medan
1000000012;Sari Dewi;23/10/1994;Jl. Kuning No. 16;Bandung
1000000013;Yogi Prasetyo;30/01/1983;Jl. Anggrek No. 2;Yogyakarta
1000000014;Ika Rahmawati;17/11/1995;Jl. Senopati No. 11;Jakarta
1000000015;Samuel Wibowo;05/12/1980;Jl. Jati No. 8;Semarang
1000000016;Putri Ayu;21/02/1991;Jl. Kembang No. 13;Surabaya
1000000017;Andre Setiawan;09/03/1987;Jl. Kembang No. 15;Palembang
1000000018;Ari Wibisono;14/08/1990;Jl. Pinus No. 4;Batam
1000000019;Erika Wulandari;06/05/1988;Jl. Bunga No. 18;Solo
1000000020;David Pranata;19/07/1992;Jl. Taman No. 1;Surakarta
1000000021;Sylvia Rahardjo;26/09/1986;Jl. Kenanga No. 21;Yogyakarta
1000000022;Michael Lestari;15/12/1989;Jl. Cendrawasih No. 13;Medan
1000000023;Devi Kurniawati;08/10/1993;Jl. Mawar No. 11;Jakarta
1000000024;Bambang Subroto;04/04/1984;Jl. Kamboja No. 17;Bandung
1000000025;Elisa Ramadhani;23/06/1990;Jl. Pahlawan No. 8;Surabaya
1000000026;Rio Adi;29/03/1982;Jl. Jati No. 5;Semarang
1000000027;Helena Kristina;12/01/1991;Jl. Senopati No. 20;Palembang
1000000028;Farhan Abdurrahman;10/12/1985;Jl. Lili No. 7;Surakarta
1000000029;Putri Melati;18/09/1988;Jl. Anggrek No. 3;Batam
1000000030;Arif Rahman;01/07/1992;Jl. Taman No. 9;Solo
1000000031;Nina Pramesti;14/05/1987;Jl. Melati No. 2;Jakarta
1000000032;Kevin Setiawan;30/10/1984;Jl. Mawar No. 22;Yogyakarta
1000000033;Rina Susanti;09/06/1993;Jl. Cendrawasih No. 4;Medan
1000000034;Yulia Sari;25/03/1986;Jl. Kamboja No. 19;Surabaya
1000000035;Leo Prasetyo;07/11/1990;Jl. Pahlawan No. 6;Semarang
1000000036;Maya Kurnia;29/08/1991;Jl. Bunga No. 14;Palembang
1000000037;Joko Widodo;17/01/1985;Jl. Jati No. 12;Surakarta
1000000038;Fani Nugroho;14/10/1992;Jl. Kamboja No. 5;Batam
1000000039;Rani Dewi;20/04/1989;Jl. Melati No. 3;Jakarta
1000000040;Agus Hermawan;28/12/1988;Jl. Senopati No. 15;Yogyakarta
1000000041;Lia Arifin;05/07/1990;Jl. Cendrawasih No. 21;Medan
1000000042;Harry Wijaya;12/09/1983;Jl. Taman No. 6;Surabaya
1000000043;Desi Hapsari;08/02/1987;Jl. Pahlawan No. 10;Semarang
1000000044;Samuel Liana;17/05/1991;Jl. Kenanga No. 4;Palembang
1000000045;Marini Sari;09/08/1994;Jl. Melati No. 7;Surakarta
1000000046;Rudi Prabowo;20/06/1986;Jl. Jati No. 9;Batam
1000000047;Agung Setiawan;23/01/1990;Jl. Bunga No. 12;Solo
1000000048;Indah Pertiwi;30/10/1982;Jl. Kamboja No. 8;Jakarta
1000000049;Nanda Rahmawati;04/12/1988;Jl. Senopati No. 11;Yogyakarta
1000000050;Arif Widianto;16/03/1991;Jl. Taman No. 14;Medan
1000000051;Putri Hadi;25/07/1984;Jl. Melati No. 6;Surabaya
1000000052;Adi Nugroho;18/11/1992;Jl. Cendrawasih No. 18;Semarang
1000000053;Yanti Dewi;08/09/1990;Jl. Kamboja No. 23;Palembang
1000000054;Michael Harsono;10/03/1986;Jl. Pahlawan No. 4;Batam
1000000055;Anggun Sari;22/08/1989;Jl. Jati No. 3;Solo
1000000056;Rudi Setiawan;09/02/1993;Jl. Bunga No. 8;Surakarta
1000000057;Elisa Wulandari putri;27/06/1985;Jl. Kenanga No. 15;Jakarta
1000000058;Fadli Prasetyo;16/04/1989;Jl. Taman No. 20;Yogyakarta
1000000059;Rina Marini;03/12/1992;Jl. Melati No. 4;Medan
1000000060;Diana Lestari;21/01/1984;Jl. Pahlawan No. 11;Surabaya
1000000061;Andi Rahmat;05/11/1991;Jl. Bunga No. 16;Semarang
1000000062;Tina Kurniawati;18/05/1988;Jl. Cendrawasih No. 6;Palembang
1000000063;Arief Maulana;30/10/1990;Jl. Jati No. 7;Batam
1000000064;Nina Setyowati;02/08/1983;Jl. Melati No. 12;Jakarta
1000000065;Desi ratna sari;17/12/1989;Jl. Taman No. 22;Yogyakarta
1000000066;Leo Suryanto;23/07/1994;Jl. Kamboja No. 3;Medan
1000000067;Helena Mariani;11/02/1986;Jl. Pahlawan No. 7;Surabaya
1000000068;Samuel Ady negoro;30/11/1990;Jl. Bunga No. 4;Semarang
1000000069;Budisantoso ;30/10/1990;Jl. Jati 2 No. 7;Aceh
1000000070;Reza Santosa;25/09/1984;Jl. Jati No. 15;Batam
1000000071;Melisa Wulandari;12/02/1991;Jl. Cendrawasih No. 8;Surakarta
1000000072;Bambang Prabowo;30/03/1989;Jl. Anggrek No. 6;Jakarta
1000000073;Adriana Marini;21/11/1983;Jl. Melati No. 14;Yogyakarta
1000000074;Andi Cahyadi;19/07/1990;Jl. Taman No. 18;Medan
1000000075;Jessica Rahayu;08/05/1986;Jl. Bunga No. 9;Surabaya
1000000076;Victor Setiawan;15/08/1988;Jl. Kamboja No. 12;Semarang
1000000077;Fitria Dewita;27/03/1992;Jl. Kenanga No. 7;Palembang
1000000078;Alan Wijaya;14/06/1985;Jl. Jati No. 22;Batam
1000000079;Lia Kurnia;08/12/1989;Jl. Cendrawasih No. 20;Surakarta
1000000080;Hendrik Santosa;25/10/1987;Jl. Melati No. 3;Jakarta
1000000081;Marina Sari;10/04/1991;Jl. Bunga No. 21;Yogyakarta
1000000082;Anton Widianto;17/09/1984;Jl. Taman No. 5;Medan
1000000083;Rini Putri;03/06/1990;Jl. Anggrek No. 13;Surabaya
1000000084;Devi Pertiwi;20/02/1986;Jl. Kamboja No. 14;Semarang
1000000085;Andi;09/07/1992;Jl. Kenanga No. 9;Palembang
1000000086;Melisa Rahardjo;01/11/1985;Jl. Jati No. 18;Batam
1000000087;Ricky Prabowo;15/05/1989;Jl. Cendrawasih No. 11;Surakarta
1000000088;Dina Lestari;22/08/1991;Jl. Taman No. 7;Jakarta
1000000089;Hermawan Setiawan;09/12/1984;Jl. Bunga No. 6;Yogyakarta
1000000090;Angga Wijaya;12/04/1986;Jl. Melati No. 16;Medan
1000000091;Desi Wulan;24/02/1992;Jl. Kenanga No. 8;Surabaya
1000000092;Samuel Cahyadi;30/07/1987;Jl. Kamboja No. 21;Semarang
1000000093;Lina Mariani;15/10/1991;Jl. Anggrek No. 17;Palembang
1000000094;Agus Rahmat;05/03/1984;Jl. Jati No. 6;Batam
1000000095;Putri Dewi;28/11/1993;Jl. Cendrawasih No. 13;Surakarta
1000000096;Budi Hartono;18/08/1985;Jl. Bunga No. 4;Jakarta
1000000097;Rina Widianto;01/07/1990;Jl. Taman No. 12;Yogyakarta
1000000098;Harry Setiawan;22/09/1988;Jl. Kamboja No. 16;Medan
1000000099;Nina Pratiwi;15/01/1994;Jl. Melati No. 5;Surabaya
1000000100;Andi Adi;03/12/1986;Jl. Kenanga No. 11;Semarang
1000000101;Elisa Mariani;10/02/1990;Jl. Cendrawasih No. 23;Palembang
1000000102;Victor Santosa;28/03/1985;Jl. Anggrek No. 8;Surakarta
1000000103;Nia Kurniawati;19/07/1988;Jl. Melati No. 6;Jakarta
1000000104;Reza Prasetyo;04/09/1991;Jl. Taman No. 17;Yogyakarta
1000000105;Rina Dewi;16/01/1987;Jl. Bunga No. 13;Medan
1000000106;Fahri Wijaya;23/10/1989;Jl. Jati No. 20;Surabaya
1000000107;Andi Rahmawati;12/06/1994;Jl. Kamboja No. 9;Semarang
1000000108;Helena Sari;05/11/1985;Jl. Kenanga No. 14;Palembang
1000000109;Marina Pertiwi;22/07/1992;Jl. Cendrawasih No. 5;Batam
1000000110;Samuel Adi;08/04/1986;Jl. Melati No. 15;Jakarta
1000000111;Nanda Wulandari;27/05/1990;Jl. Bunga No. 12;Yogyakarta
1000000112;Yogi Setiawan putra;19/06/1984;Jl. Taman No. 10;Medan
1000000113;Indah Mariani;21/01/1993;Jl. Kamboja No. 16;Surabaya
1000000114;Agung Santosa;03/12/1987;Jl. Anggrek No. 11;Semarang
1000000115;Desi Putri;09/03/1991;Jl. Cendrawasih No. 19;Palembang
1000000116;Ricky Hapsari;12/09/1985;Jl. Melati No. 7;Batam
1000000117;Elysa Rahmawati;24/08/1989;Jl. Taman No. 21;Surakarta
1000000118;Fitri Hadi;17/11/1990;Jl. Bunga No. 15;Jakarta
1000000119;Leo Mariani;27/04/1986;Jl. Jati No. 8;Yogyakarta
1000000120;Hermawan Adi;12/10/1994;Jl. Kenanga No. 22;Medan
1000000121;Nina Hapsari;15/07/1989;Jl. Cendrawasih No. 24;Surabaya
1000000122;Victor Lestari;22/11/1984;Jl. Kamboja No. 10;Semarang
1000000123;Rini Cahyadi;11/03/1990;Jl. Bunga No. 7;Palembang
1000000124;Marina;06/08/1987;Jl. Melati No. 12;Batam
1000000125;Fitria Dewi;29/06/1991;Jl. Taman No. 13;Jakarta
1000000126;Rudi Wijaya;10/05/1988;Jl. Jati No. 17;Yogyakarta
1000000127;Agus Prabowo;20/12/1985;Jl. Kenanga No. 18;Medan
1000000128;Nila Rahmawati;11/07/1994;Jl. Cendrawasih No. 15;Surabaya
1000000129;Andi Kurnia;23/01/1989;Jl. Bunga No. 8;Semarang
1000000130;Elisa Santosa;15/09/1986;Jl. Melati No. 9;Palembang
1000000131;Hadi Setiawan;19/02/1992;Jl. Taman No. 6;Batam
1000000132;Reza Lestari;03/07/1985;Jl. Jati No. 14;Jakarta
1000000133;Nanda Putri;29/11/1991;Jl. Bunga No. 10;Yogyakarta
1000000134;Desi Ariani;09/03/1984;Jl. Kenanga No. 23;Medan
1000000135;Agung;18/10/1990;Jl. Cendrawasih No. 12;Surabaya
1000000136;Victor Harahap;05/06/1987;Jl. Melati No. 11;Semarang
1000000137;Marina Pratiwi;26/04/1991;Jl. Taman No. 7;Palembang
1000000138;Fitri Rahmawati;14/05/1986;Jl. Jati No. 5;Batam
1000000139;Nia Santosa;03/08/1992;Jl. Bunga No. 14;Jakarta
1000000140;Desi Wulandari;15/09/1984;Jl. Melati No. 22;Yogyakarta
1000000141;Samuel Putri;12/01/1991;Jl. Kenanga No. 8;Medan
1000000142;Yogi Setiawan;24/07/1987;Jl. Cendrawasih No. 6;Surabaya
1000000143;Andi Hadi;20/03/1990;Jl. Taman No. 16;Semarang
1000000144;Helena marpaung;09/12/1985;Jl. Jati No. 11;Palembang
1000000145;Elisa Putri;17/05/1992;Jl. Bunga No. 12;Batam
1000000146;Fitria Mariani;11/08/1988;Jl. Melati No. 19;Jakarta
1000000147;Nina Kurniawati;23/04/1984;Jl. Kenanga No. 15;Yogyakarta
1000000148;Ricky Wibowo;05/11/1990;Jl. Cendrawasih No. 22;Medan
1000000149;Rina sutejo;10/09/1987;Jl. Taman No. 8;Surabaya
1000000150;Agung Lestari;26/02/1992;Jl. Bunga No. 5;Semarang
1000000151;Desi Hadi;18/07/1985;Jl. Jati No. 9;Palembang
1000000152;Marina Wulandari;02/10/1991;Jl. Cendrawasih No. 4;Batam
1000000153;Rudi Santosa;12/03/1986;Jl. Melati No. 15;Jakarta
1000000154;Yogi Adi;30/12/1990;Jl. Taman No. 13;Yogyakarta
1000000155;Nia Rahmawati;07/08/1984;Jl. Kenanga No. 6;Medan
1000000156;Victor Putri;17/11/1992;Jl. Bunga No. 23;Surabaya
1000000157;Fitri Hapsari;11/06/1987;Jl. Jati No. 12;Semarang
1000000158;Agus Mariani;20/09/1991;Jl. Cendrawasih No. 19;Palembang
1000000159;Helena Santosa;25/04/1986;Jl. Melati No. 8;Batam
1000000160;Nanda Kurnia;10/05/1992;Jl. Taman No. 17;Jakarta
1000000161;Desi Setiawan;15/01/1984;Jl. Bunga No. 7;Yogyakarta
1000000162;Andi Dewi;02/10/1989;Jl. Kenanga No. 19;Medan
1000000163;Fitria Wulandari;15/03/1990;Jl. Cendrawasih No. 12;Surabaya
1000000164;Elisa Hadi;25/07/1987;Jl. Jati No. 14;Semarang
1000000165;Rina Mariani;09/08/1992;Jl. Bunga No. 18;Palembang
1000000166;Agung Putri;30/12/1986;Jl. Melati No. 22;Batam
1000000167;Nina Rahmawati;12/06/1991;Jl. Taman No. 20;Jakarta
1000000168;Yogi Hapsari;17/02/1984;Jl. Kenanga No. 5;Yogyakarta
1000000169;Victor Prasetyo;03/04/1990;Jl. Cendrawasih No. 8;Medan
1000000170;Desi Wijaya;15/09/1986;Jl. Taman No. 11;Surabaya
1000000171;Fitrisari;22/11/1991;Jl. Bunga No. 4;Semarang
1000000172;Marina Kurniawati;11/06/1984;Jl. Melati No. 13;Palembang
1000000173;Rina Setiawan;24/07/1992;Jl. Jati No. 17;Batam
1000000174;Nia Wulandari;12/12/1986;Jl. Cendrawasih No. 23;Jakarta
1000000175;Agung Adi;28/04/1990;Jl. Bunga No. 9;Yogyakarta
1000000176;Victor Dewi;01/11/1987;Jl. Kenanga No. 10;Medan
1000000177;Desi Mariani;15/05/1991;Jl. Melati No. 11;Surabaya
1000000178;Rina Hapsari;20/08/1992;Jl. Taman No. 6;Semarang
1000000179;Andi Santosa;30/10/1985;Jl. Cendrawasih No. 7;Palembang
1000000180;Elisa Prabowo;17/02/1989;Jl. Jati No. 14;Batam
1000000181;Fitri Kurniawati;23/06/1993;Jl. Bunga No. 21;Jakarta
1000000182;Yogi Wulandari;03/09/1987;Jl. Melati No. 13;Yogyakarta
1000000183;Nina Dewi;20/12/1990;Jl. Taman No. 8;Medan
1000000184;Desi Lestari;07/04/1984;Jl. Cendrawasih No. 16;Surabaya
1000000185;Victor Rahmat;14/01/1991;Jl. Kenanga No. 7;Semarang
1000000186;Agung Hadi;09/11/1985;Jl. Jati No. 18;Palembang
1000000187;Marina Putri;17/03/1992;Jl. Melati No. 22;Batam
1000000188;Fitria Wijaya;26/10/1987;Jl. Taman No. 10;Jakarta
1000000189;Elisa Wulandari;11/12/1991;Jl. Bunga No. 5;Yogyakarta
1000000190;Rina Prasetyo;30/06/1984;Jl. Cendrawasih No. 9;Medan
1000000191;Desi Santosa;17/07/1989;Jl. Melati No. 16;Surabaya
1000000192;Victor Kurniawati;01/03/1990;Jl. Taman No. 13;Semarang
1000000193;Agung Dewi;11/08/1986;Jl. Kenanga No. 20;Palembang
1000000194;Elisa Rahmawati;19/12/1992;Jl. Jati No. 8;Batam
1000000195;Fitria Santosa;23/01/1985;Jl. Cendrawasih No. 10;Jakarta
1000000196;Nina Wijaya;07/09/1991;Jl. Bunga No. 23;Yogyakarta
1000000197;Victor Hapsari;16/02/1984;Jl. Melati No. 14;Medan
1000000198;Marina Setiawan;01/07/1988;Jl. Taman No. 12;Surabaya
1000000199;Desi Kurniawati;15/06/1992;Jl. Jati No. 11;Semarang
1000000200;Agung Prabowo;19/11/1986;Jl. Cendrawasih No. 18;Palembang
